<MethodConfig>
	<ReferencedAssemblies>
		<name>$(binpath)/Aras.Server.Core.dll</name>
		<name>$(binpath)/Aras.Server.Configurator.Abstractions.dll</name>
		<name>$(binpath)/Aras.Server.Workflow.Abstractions.dll</name>
		<name>$(binpath)/Aras.TDF.Base.dll</name>
		<name>$(binpath)/Aras.TDF.Base.Extensions.dll</name>
		<name>$(binpath)/Conversion.Base.dll</name>
		<name>$(binpath)/ConversionManager.dll</name>
		<name>$(binpath)/FileExchangeService.dll</name>
		<name>$(binpath)/IOM.dll</name>
		<name>$(binpath)/Newtonsoft.Json.dll</name>
		<name>$(binpath)/SixLabors.ImageSharp.dll</name>
		<name>$(binpath)/Microsoft.Data.SqlClient.dll</name>
		<name>Microsoft.Extensions.Logging.Abstractions.dll</name>
		<name>$(binpath)/Aras.Server.Core.Abstractions.dll</name>
	</ReferencedAssemblies>

	<Support dialect="VB" template="VBScript" />
	<Support dialect="VBScript" template="VBScript" />
	<Support dialect="C#" template="CSharp" />
	<Support dialect="CSharp" template="CSharp" />

	<!-- This next one is an example, it has not been tested -->
	<Template name="VBScript" line_number_offset="41">
		<![CDATA[
Imports Microsoft.VisualBasic
Imports System
Imports System.IO
Imports System.Text
Imports System.Xml
Imports System.Collections
Imports System.Collections.Generic
Imports System.Data
Imports System.Linq
Imports System.Net
Imports System.Globalization
Imports Aras.IOM
Imports Microsoft.AspNetCore.Http
Imports Microsoft.AspNetCore.Http.Extensions

Namespace $(pkgname)

  Class ItemMethod
    Inherits Item
    
    Public Sub New(InnovatorObject_arg As IServerConnection)
      MyBase.New(InnovatorObject_arg)
    End Sub

#If EventDataIsAvailable Then
		Public Function methodCode( _
			) As Item
			Return methodCode( Nothing )
		End Function

		Public Function methodCode( _
			ByVal eventData As $(EventDataClass) _
			) As Item
#Else
		Public Function methodCode( _
			) As Item
#End If
		Dim CCO As Aras.Server.Core.CallContext = CType(serverConnection,Aras.Server.Core.IOMConnection).CCO
		Dim RequestState As Aras.Server.Core.IContextState = CCO.RequestState
		$(MethodCode)
    End Function
  End Class

  Class $(clsname)
    Implements $(interfacename)
#If EventDataIsAvailable Then
		Public Sub $(fncname)( _
			ByVal InnovatorObject_arg As IServerConnection, _
			ByVal inDom As XmlDocument, _
			ByVal eventData As $(EventDataClass), _
			ByVal outDom As XmlDocument _
			) Implements $(interfacename).$(fncname)
#Else
		Public Sub $(fncname)( _
			InnovatorObject_arg As IServerConnection, _
			inDom As XmlDocument, _
			outDom As XmlDocument _
			) Implements $(interfacename).$(fncname)
#End If
      Dim inItem As ItemMethod
      Dim outItem As Item

      inItem = new ItemMethod(InnovatorObject_arg)
      inItem.dom = inDom

      Dim nodes As XmlNodeList = inDom.SelectNodes("//Item[not(ancestor::node()[local-name()='Item'])]")
      If (nodes.Count = 1) Then
        inItem.node = CType(nodes(0), XmlElement)
      Else
        inItem.node = Nothing
        inItem.nodeList = nodes
      End If
        
#If EventDataIsAvailable Then
			outItem = inItem.methodCode( _
				eventData _
				)
#Else
			outItem = inItem.methodCode( _
				)
#End If
      If (Not outItem Is Nothing) Then
        outDom.LoadXml(outItem.dom.OuterXml)
      End If
    End Sub
  End Class
End Namespace
]]>
	</Template>


	<!-- To use this template, put this in your method code.

' MethodTemplateName=VBMain;

The you must define a function Main() returning Item.

function Main() as Item
 return Nothing
End Function

For example:

'MethodTemplateName=VBMain;
Dim x As String
Function Main() As Item
	cco.startup.debuglog("me",Me.dom)
	Return Nothing
End Function

-->

	<Template name="VBMain" line_number_offset="26">
		<![CDATA[
Imports Microsoft.VisualBasic
Imports System
Imports System.IO
Imports System.Text
Imports System.Xml
Imports System.Collections
Imports System.Collections.Generic
Imports System.Data
Imports System.Linq
Imports System.Net
Imports System.Globalization
Imports Aras.IOM
Imports Microsoft.AspNetCore.Http
Imports Microsoft.AspNetCore.Http.Extensions
Imports Microsoft.Extensions.Logging

Namespace $(pkgname)

  Class ItemMethod
    Inherits Item

	Dim CCO As Aras.Server.Core.CallContext
	Dim RequestState As Aras.Server.Core.IContextState

    $(MethodCode)

    Public Sub New(InnovatorObject_arg As IServerConnection)
      MyBase.New(InnovatorObject_arg)
    End Sub

#If EventDataIsAvailable Then
		Private eventData As $(EventDataClass)

		Public Function methodCode( _
			) As Item
			Return methodCode( Nothing )
		End Function

		Public Function methodCode( _
			ByVal eventData As $(EventDataClass) _
			) As Item
			Me.eventData = eventData
#Else
		Public Function methodCode( _
			) As Item
#End If
		CCO = CType(serverConnection,Aras.Server.Core.IOMConnection).CCO
		RequestState = CCO.RequestState
		Return Main()
    End Function
  End Class

  Class $(clsname)
    Implements $(interfacename)
#If EventDataIsAvailable Then
    Public Sub $(fncname)( _
			ByVal InnovatorObject_arg As IServerConnection, _
			ByVal inDom As XmlDocument, _
			ByVal eventData As $(EventDataClass), _
			ByVal outDom As XmlDocument _
			) Implements $(interfacename).$(fncname)
#Else
    Public Sub $(fncname)( _
			ByVal InnovatorObject_arg As IServerConnection, _
			ByVal inDom As XmlDocument, _
			ByVal outDom As XmlDocument _
			) Implements $(interfacename).$(fncname)
#End If
      Dim inItem As ItemMethod
      Dim outItem As Item

      inItem = new ItemMethod(InnovatorObject_arg)
      inItem.dom = inDom
      Dim nodes As XmlNodeList = inDom.SelectNodes("//Item[not(ancestor::node()[local-name()='Item'])]")
      If (nodes.Count = 1) Then
        inItem.node = CType(nodes(0), XmlElement)
      Else
        inItem.node = Nothing
        inItem.nodeList = nodes
      End If

#If EventDataIsAvailable Then
      outItem = inItem.methodCode( _
				eventData _
				)
#Else
      outItem = inItem.methodCode( _
				)
#End If
      If (Not outItem Is Nothing) Then
        outDom.LoadXml(outItem.dom.OuterXml)
      End If
    End Sub
  End Class
End Namespace
]]>
	</Template>

	<Template name="VBScriptInOut" line_number_offset="40">
		<![CDATA[
Imports Microsoft.VisualBasic
Imports System
Imports System.IO
Imports System.Text
Imports System.Xml
Imports System.Collections
Imports System.Collections.Generic
Imports System.Data
Imports System.Linq
Imports System.Net
Imports System.Globalization
Imports Aras.IOM
Imports Microsoft.AspNetCore.Http
Imports Microsoft.AspNetCore.Http.Extensions
Imports Microsoft.Extensions.Logging

Namespace $(pkgname)

  Class $(clsname)
    Implements $(interfacename)

#If EventDataIsAvailable Then
		Public Sub $(fncname)( _
			ByVal InnovatorObject_arg As IServerConnection, _
			ByVal inDom As XmlDocument, _
			ByVal eventData As $(EventDataClass), _
			ByVal outDom As XmlDocument _
			) Implements $(interfacename).$(fncname)
#Else
		Public Sub $(fncname)( _
			ByVal InnovatorObject_arg As IServerConnection, _
			ByVal inDom As XmlDocument, _
			ByVal outDom As XmlDocument _
			) Implements $(interfacename).$(fncname)
#End If
		Dim you as object = InnovatorObject_arg
		Dim CCO As Aras.Server.Core.CallContext = CType(InnovatorObject_arg,Aras.Server.Core.IOMConnection).CCO
		Dim RequestState As Aras.Server.Core.IContextState = CCO.RequestState
		$(MethodCode)
    End Sub
  End Class
End Namespace
]]>
	</Template>

	<Template name="CSharp" line_number_offset="36">
		<![CDATA[using Aras.IOM;
using System;
using System.Collections;
using System.Collections.Generic;
using System.Data;
using System.Globalization;
using System.IO;
using System.Linq;
using System.Net;
using System.Text;
using System.Xml;
using Microsoft.AspNetCore.Http;
using Microsoft.AspNetCore.Http.Extensions;
using Microsoft.Extensions.Logging;

namespace $(pkgname)
{
    public class ItemMethod : Item
    {
      public ItemMethod(IServerConnection arg) : base(arg)
        {
        }
#if EventDataIsAvailable
		public Item methodCode()
		{
			return methodCode( null );
		}

		public Item methodCode($(EventDataClass) eventData)
#else
		public Item methodCode()
#endif
        {
			Aras.Server.Core.CallContext CCO = ((Aras.Server.Core.IOMConnection) serverConnection).CCO;
			Aras.Server.Core.IContextState RequestState = CCO.RequestState;
			$(MethodCode)
        }
    }
  
    public class $(clsname): $(interfacename)
    {
#if EventDataIsAvailable
        public void $(fncname)(IServerConnection InnovatorServerASP, XmlDocument inDom, $(EventDataClass) eventData, XmlDocument outDom)
#else
        public void $(fncname)(IServerConnection InnovatorServerASP, XmlDocument inDom, XmlDocument outDom)
#endif
        {
          ItemMethod inItem = null;
          Item outItem = null;
          inItem = new ItemMethod(InnovatorServerASP);
          inItem.dom = inDom;
          XmlNodeList nodes = inDom.SelectNodes("//Item[not(ancestor::node()[local-name()='Item'])]");
          if (nodes.Count == 1)
          {
              inItem.node = (XmlElement)nodes[0];
          }
          else
          {
              inItem.node = null;
              inItem.nodeList = nodes;
          }

#if EventDataIsAvailable
      outItem = inItem.methodCode(eventData);
#else
      outItem = inItem.methodCode();
#endif
      if (outItem != null)
      {
          outDom.ReplaceChild(outDom.ImportNode(outItem.dom.DocumentElement, true), outDom.FirstChild);
      }
    }
  }
}
]]>
	</Template>

	<Template name="CSharpInOut" line_number_offset="31">
		<![CDATA[
using System;
using System.IO;
using System.Text;
using System.Xml;
using System.Net;
using System.Linq;
using System.Collections;
using System.Collections.Generic;
using System.Globalization;
using Aras.IOM;
using Microsoft.AspNetCore.Http;
using Microsoft.AspNetCore.Http.Extensions;
using Microsoft.Extensions.Logging;

namespace $(pkgname)
{
  public class $(clsname): $(interfacename)
  {
		public void $(fncname)(
			IServerConnection InnovatorServerASP,
			XmlDocument inDom,
#if EventDataIsAvailable
			$(EventDataClass) eventData,
#endif
			XmlDocument outDom
			)
    {
		Aras.Server.Core.CallContext CCO = ((Aras.Server.Core.IOMConnection) InnovatorServerASP).CCO;
		Aras.Server.Core.IContextState RequestState = CCO.RequestState;
		$(MethodCode)
    }
  }
}
]]>
	</Template>

	<!-- This template allows the MethodCode to contain multiple subroutines as long     as one of the subroutines is called Main. It also allows the code to contain
     multiple Dim variables at toplevel. These will be instance variables of the class,
     where one instance is created during the lifetime of the execution of the method.
     MethodTemplateName=VBScriptMain;

-->
	<Template name="VBScriptMain" line_number_offset="23">
		<![CDATA[
Imports Microsoft.VisualBasic
Imports System
Imports System.IO
Imports System.Xml
Imports System.Text
Imports System.Collections
Imports System.Collections.Generic
Imports System.Data
Imports System.Linq
Imports System.Net
Imports System.Globalization
Imports Aras.IOM
Imports Microsoft.AspNetCore.Http
Imports Microsoft.AspNetCore.Http.Extensions
Imports Microsoft.Extensions.Logging

Namespace $(pkgname) 
 Class $(clsname)
   Implements $(interfacename)
 Dim CCO as Aras.Server.Core.CallContext

$(MethodCode)

#If EventDataIsAvailable Then
		Private eventData As $(EventDataClass)

		Public Sub $(fncname)( _
			ByVal InnovatorObject As IServerConnection, _
			ByVal inDom As XmlDocument, _
			ByVal eventData As $(EventDataClass), _
			ByVal outDom As XmlDocument _
			) Implements $(interfacename).$(fncname)
			Me.eventData = eventData
#Else
		Public Sub $(fncname)( _
			ByVal InnovatorObject As IServerConnection, _
			ByVal inDom As XmlDocument, _
			ByVal outDom As XmlDocument _
			) Implements $(interfacename).$(fncname)
#End If
	CCO = CType(InnovatorObject,Aras.Server.Core.IOMConnection).CCO
	Main(inDom,outDom,InnovatorObject)
  End Sub
 End Class
End Namespace
]]>
	</Template>

	<Template name="ConflictDetectionLocalRuleCSharp.version:1" line_number_offset="17">
		<![CDATA[
using System;
using System.IO;
using System.Xml;
using System.Text;
using System.Collections;
using System.Collections.Generic;
using System.Data;
using System.Linq;
using System.Net;
using System.Globalization;
using Aras.IOM;
using Aras.IOME.ConflictDetection;

namespace $(pkgname)
{
	$(MethodCode)
}
]]>
	</Template>
	<Template name="ConflictDetectionLocalRuleSimplifiedCSharp.version:1" line_number_offset="29">
		<![CDATA[
using System;
using System.IO;
using System.Xml;
using System.Text;
using System.Collections;
using System.Collections.Generic;
using System.Data;
using System.Linq;
using System.Net;
using System.Globalization;
using Aras.IOM;
using Aras.IOME.ConflictDetection;

namespace $(pkgname)
{
public class $(clsname) : LocalConflictDetectionRule
{
	Aras.Server.Core.CallContext CCO;

	public $(clsname)(IServerConnection serverConnection, String name)
		: base(serverConnection, name)
	{
		this.CCO = ((Aras.Server.Core.IOMConnection)serverConnection).CCO;
	}

	public override IList<ConflictDetectionResult> Execute(Item configuration)
	{
		$(MethodCode)
	}
}
}
]]>
	</Template>
	<Template name="CSharp:Aras.TDF.ContentGenerator(Strict)" line_number_offset="25">
		<![CDATA[
using System;
using System.IO;
using System.Xml;
using System.Text;
using System.Collections;
using System.Collections.Generic;
using System.Data;
using System.Linq;
using System.Net;
using System.Globalization;
using Aras.IOM;
using Aras.TDF.Base;

namespace $(pkgname)
{
	public class $(clsname) : BaseContentGenerator
	{
		public $(clsname)(SchemaElementFactory factory) : base(factory)
		{
		}

		public override void GenerateContent(DocumentSchemaElement targetElement, Aras.TDF.Base.SchemaElementExecutionContext executionContext)
		{
			$(MethodCode)
		}
	}
}
]]>
	</Template>
	<Template name="CSharp:Aras.TDF.ContentGenerator(Extended)" line_number_offset="17">
		<![CDATA[
using System;
using System.IO;
using System.Xml;
using System.Text;
using System.Collections;
using System.Collections.Generic;
using System.Data;
using System.Linq;
using System.Net;
using System.Globalization;
using Aras.IOM;
using Aras.TDF.Base;

namespace $(pkgname)
{
	$(MethodCode)
}
]]>
	</Template>
	<Template name="CSharp:Aras.TreeGridView.BuilderMethod" line_number_offset="25">
		<![CDATA[
using System;
using System.IO;
using System.Xml;
using System.Text;
using System.Text.RegularExpressions;
using System.Collections;
using System.Collections.Generic;
using System.Data;
using System.Linq;
using System.Net;
using System.Globalization;
using Newtonsoft.Json;
using Newtonsoft.Json.Serialization;
using Aras.IOM;
using Aras.TreeGridView;
using Aras.TreeGridView.Model;

namespace $(pkgname)
{
	public class $(clsname) : IBuilderMethod
	{
		public BuilderMethodResult Execute(BuilderMethodArguments args)
		{
			$(MethodCode)
		}
	}
}
]]>
	</Template>
	<Template name="CSharp:Aras.Server.Core.GraphNavigation.PropertyGetter" line_number_offset="21">
			<![CDATA[
	using System;
	using System.IO;
	using System.Xml;
	using System.Text;
	using System.Collections;
	using System.Collections.Generic;
	using System.Data;
	using System.Linq;
	using System.Net;
	using System.Globalization;
	using Aras.IOM;
	using Aras.Server.Core;
	using Aras.Server.Core.GraphNavigation;
	using Aras.I18NUtils;

	namespace $(pkgname)
	{
		public class $(clsname): PropertyGetterBase
		{
			$(MethodCode)
		}
	}
	]]>
	</Template>
	<Template name="CSharp:Aras.Server.Core.GraphNavigation.NodeValuesGetter" line_number_offset="21">
			<![CDATA[
	using System;
	using System.IO;
	using System.Xml;
	using System.Text;
	using System.Collections;
	using System.Collections.Generic;
	using System.Data;
	using System.Linq;
	using System.Net;
	using System.Globalization;
	using Aras.IOM;
	using Aras.Server.Core;
	using Aras.Server.Core.GraphNavigation;
	using Aras.I18NUtils;

	namespace $(pkgname)
	{
		public class $(clsname): NodePropertiesGetterBase
		{
			$(MethodCode)
		}
	}
	]]>
	</Template>
	<Template name="CSharp:Aras.Server.Core.GraphNavigation.KeyStringGetter" line_number_offset="21">
			<![CDATA[
	using System;
	using System.IO;
	using System.Xml;
	using System.Text;
	using System.Collections;
	using System.Collections.Generic;
	using System.Data;
	using System.Linq;
	using System.Net;
	using System.Globalization;
	using Aras.IOM;
	using Aras.Server.Core;
	using Aras.Server.Core.GraphNavigation;
	using Aras.I18NUtils;

	namespace $(pkgname)
	{
		public class $(clsname): KeyGetterBase
		{
			$(MethodCode)
		}
	}
	]]>
	</Template>
	<Template name="CSharp:Aras.Server.Core.Configurator" line_number_offset="21">
			<![CDATA[
	using System;
	using System.IO;
	using System.Xml;
	using System.Text;
	using System.Collections;
	using System.Collections.Generic;
	using System.Data;
	using System.Linq;
	using System.Net;
	using System.Globalization;
	using Aras.IOM;
	using Aras.Server.Core;
	using Aras.Server.Core.Configurator;
	using Aras.I18NUtils;

	namespace $(pkgname)
	{
		public class $(clsname): ScopeBuilderBase
		{
			$(MethodCode)
		}
	}
	]]>
	</Template>
	<Template name="CSharp:Aras.Server.Core.Configurator.ScopeStructureOutput" line_number_offset="25">
		<![CDATA[
	using System;
	using System.IO;
	using System.Xml;
	using System.Text;
	using System.Collections;
	using System.Collections.Generic;
	using System.Data;
	using System.Linq;
	using System.Net;
	using System.Globalization;
	using Aras.IOM;
	using Aras.Server.Core;
	using Aras.Server.Core.Configurator;
	using Aras.I18NUtils;

	namespace $(pkgname)
	{
		public class $(clsname): GetScopeStructureOutputBase
		{
			public $(clsname)(IServerConnection iomConnection) : base(iomConnection)
			{
			}

			$(MethodCode)
		}
	}
	]]>
	</Template>
	<Template name="CSharp:Aras.Server.Core.AccessControl.EnvironmentAttributeMethod" line_number_offset="31">
		<![CDATA[
using System;
using System.IO;
using System.Xml;
using System.Text;
using System.Text.RegularExpressions;
using System.Collections;
using System.Collections.Generic;
using System.Data;
using System.Linq;
using System.Net;
using System.Globalization;
using Aras.IOM;
using Aras.Server.Core.AccessControl;

namespace $(pkgname)
{
	public class $(clsname) : IEnvironmentAttributeMethod
	{
		private readonly Aras.Server.Core.CallContext CCO;
		private readonly Innovator Innovator;

		public $(clsname)(IServerConnection connection, Aras.Server.Core.CallContext callContext)
		{
			this.Innovator = new Innovator(connection);
			this.CCO = callContext;
		}

		public void Execute(EnvironmentAttribute attribute, EnvironmentAttributeExecutionContext context)
		{
			$(MethodCode)
		}
	}
}
]]>
	</Template>
	<Template name="CSharp:Aras.Public.Events.EventHandler&lt;T&gt;" line_number_offset="38">
		<![CDATA[
using System;
using System.IO;
using System.Xml;
using System.Text;
using System.Text.RegularExpressions;
using System.Collections;
using System.Collections.Generic;
using System.Data;
using System.Linq;
using System.Net;
using System.Globalization;
using Aras.IOM;
using Aras.Server.Core.AccessControl;
using Microsoft.AspNetCore.Http;
using Microsoft.AspNetCore.Http.Extensions;

namespace $(pkgname)
{
	public class $(clsname)
	{
		private readonly Aras.Server.Core.CallContext CCO;
		private readonly Innovator Innovator;

		public $(clsname)(IServerConnection serverConnection)
		{
			this.Innovator = new Innovator(serverConnection);
			this.CCO = ((Aras.Server.Core.IOMConnection) serverConnection).CCO;
		}

		public void Invoke<T>(object sender, T eventArgs)
		{
			InvokeImplementation(sender, eventArgs as $(genericclassname));
		}

		private void InvokeImplementation(object sender, $(genericclassname) eventArgs)
		{
			$(MethodCode)
		}
	}
}
]]>
	</Template>

</MethodConfig>