﻿<default_code_template templateName="CSharp:Aras.TreeGridView.BuilderMethod" eventData="OnEscalate">
 <wrapper_code><![CDATA[return $(pkgname)Execute(args);]]></wrapper_code>
 <simple_code>
  <source_code><![CDATA[using System;
using System.IO;
using System.Xml;
using System.Text;
using System.Text.RegularExpressions;
using System.Collections;
using System.Collections.Generic;
using System.Data;
using System.Linq;
using System.Net;
using System.Web;
using System.Web.SessionState;
using System.Globalization;
using Newtonsoft.Json;
using Newtonsoft.Json.Serialization;
using Aras.IOM;
using Aras.TreeGridView;
using Aras.TreeGridView.Model;

namespace $(pkgname)
{
	public partial class $(clsname)
	{
		[System.Diagnostics.CodeAnalysis.SuppressMessage("Microsoft.Performance", "CA1822:MarkMembersAsStatic")]
    public BuilderMethodResult $(pkgname)Execute(BuilderMethodArguments args)
		{
// start your code inside region MethodCode - DO NOT CHANGE CODE ABOVE
#region MethodCode
            return null;
#endregion MethodCode
// end your code inside region MethodCode - DO NOT CHANGE CODE BELOW
		}
	}
}]]></source_code>
  <test_code><![CDATA[using System;
using System.IO;
using Aras.IOM;
using NSubstitute;
using NUnit.Framework;

namespace $(pkgname)
{
    [TestFixture]
    public class $(pkgname)Tests
    {

	}
}]]></test_code>
 </simple_code>
</default_code_template>