﻿<default_code_template templateName="CSharp:Aras.TDF.ContentGenerator(Strict)" eventData="SuccessfulLogin">
 <wrapper_code><![CDATA[$(pkgname)GenerateContent(targetElement);]]></wrapper_code>
 <simple_code>
  <source_code><![CDATA[using System;
using System.IO;
using System.Xml;
using System.Text;
using System.Collections;
using System.Collections.Generic;
using System.Data;
using System.Linq;
using System.Net;
using System.Web;
using System.Web.SessionState;
using System.Globalization;
using Aras.IOM;
using Aras.TDF.Base;

namespace $(pkgname)
{
	public partial class $(clsname)
	{
		public void $(pkgname)GenerateContent(DocumentSchemaElement targetElement)
		{
// start your code inside region MethodCode - DO NOT CHANGE CODE ABOVE
#region MethodCode

#endregion MethodCode
// end your code inside region MethodCode - DO NOT CHANGE CODE BELOW
		}
	}
}]]></source_code>
  <test_code><![CDATA[using System;
using System.IO;
using Aras.IOM;
using NSubstitute;
using NUnit.Framework;

namespace $(pkgname)
{
    [TestFixture]
    public class $(pkgname)Tests
    {

	}
}]]></test_code>
 </simple_code>
</default_code_template>